srno.,Day,Month,Year
1,9,8,2020
2,28,6,2020
3,17,4,2021
4,14,4,2019
5,2,1,2021
6,18,2,2020
7,7,9,2020
8,9,1,2020
9,28,4,2021
10,9,12,2021
11,19,10,2020
12,1,9,2021
13,15,1,2020
14,13,5,2019
15,2,7,2020
16,12,5,2021
17,4,11,2020
18,8,8,2021
19,16,4,2019
20,30,12,2021
21,25,2,2021
22,6,1,2019
23,12,6,2019
24,11,7,2020
25,20,6,2021
26,4,3,2020
27,12,11,2019
28,2,8,2019
29,22,2,2021
30,23,6,2021
31,10,2,2021
32,2,3,2020
33,8,7,2021
34,24,2,2019
35,17,8,2020
36,28,11,2019
37,4,3,2021
38,29,12,2021
39,6,10,2021
40,25,2,2020
41,15,7,2019
42,28,5,2019
43,28,6,2021
44,19,5,2019
45,3,2,2019
46,19,3,2021
47,8,5,2020
48,23,3,2021
49,15,4,2020
50,27,4,2021
51,22,1,2020
52,15,3,2019
53,20,2,2021
54,14,8,2020
55,12,2,2020
56,3,12,2021
57,23,1,2020
58,2,4,2019
59,14,10,2021
60,2,1,2020
61,17,12,2021
62,18,12,2021
63,1,11,2019
64,8,9,2021
65,19,9,2019
66,7,6,2020
67,13,12,2020
68,18,9,2021
69,19,5,2020
70,25,7,2020
71,29,1,2020
72,1,11,2019
73,1,9,2021
74,9,7,2019
75,27,4,2019
76,14,7,2019
77,5,7,2021
78,16,7,2021
79,2,4,2021
80,11,4,2021
81,11,3,2021
82,25,5,2021
83,2,1,2021
84,17,1,2020
85,30,12,2019
86,17,6,2019
87,28,6,2019
88,25,4,2019
89,28,3,2019
90,27,9,2019
91,8,6,2021
92,1,9,2021
93,3,9,2020
94,13,5,2021
95,25,12,2021
96,15,5,2020
97,8,9,2019
98,28,1,2020
99,13,1,2021
100,8,7,2020
